{"cameraMode":{"drawMode":0,"name":"Shaded","section":"Shading Mode"},"sceneLighting":false,"audioPlay":false,"sceneViewState":{"m_AlwaysRefresh":false,"showFog":true,"showSkybox":false,"showFlares":true,"showImageEffects":true,"showParticleSystems":true,"showVisualEffectGraphs":true,"m_FxEnabled":false},"in2DMode":false,"pivot":{"x":-0.07729533314704895,"y":1.23331618309021,"z":-0.29511356353759768},"rotation":{"x":-0.23734724521636964,"y":0.19087326526641847,"z":-0.04761979356408119,"w":-0.9513195753097534},"size":3.4472265243530275,"orthographic":false}