{"cameraMode":{"drawMode":0,"name":"Shaded","section":"Shading Mode"},"sceneLighting":false,"audioPlay":false,"sceneViewState":{"m_AlwaysRefresh":false,"showFog":true,"showSkybox":false,"showFlares":true,"showImageEffects":true,"showParticleSystems":true,"showVisualEffectGraphs":true,"m_FxEnabled":false},"in2DMode":false,"pivot":{"x":0.03885561227798462,"y":0.5738397240638733,"z":0.024746179580688478},"rotation":{"x":0.2570516765117645,"y":-0.29964038729667666,"z":0.0841868594288826,"w":0.9149056077003479},"size":1.294980525970459,"orthographic":false}