{"cameraMode":{"drawMode":0,"name":"Shaded","section":"Shading Mode"},"sceneLighting":true,"audioPlay":false,"sceneViewState":{"m_AlwaysRefresh":false,"showFog":true,"showSkybox":true,"showFlares":true,"showImageEffects":true,"showParticleSystems":true,"showVisualEffectGraphs":true,"m_FxEnabled":false},"in2DMode":false,"pivot":{"x":0.39852023124694826,"y":2.686681032180786,"z":-4.674688816070557},"rotation":{"x":0.23474064469337464,"y":-0.019843943417072297,"z":0.00479466188699007,"w":0.9718527793884277},"size":3.3507678508758547,"orthographic":false}