{"cameraMode":{"drawMode":0,"name":"Shaded","section":"Shading Mode"},"sceneLighting":true,"audioPlay":false,"sceneViewState":{"m_AlwaysRefresh":false,"showFog":true,"showSkybox":true,"showFlares":true,"showImageEffects":true,"showParticleSystems":true,"showVisualEffectGraphs":true,"m_FxEnabled":false},"in2DMode":false,"pivot":{"x":2.27140736579895,"y":2.4090898036956789,"z":-1.4573546648025513},"rotation":{"x":-0.31693965196609499,"y":-0.0014131446368992329,"z":0.0004758025461342186,"w":-0.9484482407569885},"size":7.174800872802734,"orthographic":false}