{"cameraMode":{"drawMode":0,"name":"Shaded","section":"Shading Mode"},"sceneLighting":true,"audioPlay":false,"sceneViewState":{"m_AlwaysRefresh":false,"showFog":true,"showSkybox":true,"showFlares":true,"showImageEffects":true,"showParticleSystems":true,"showVisualEffectGraphs":true,"m_FxEnabled":false},"in2DMode":false,"pivot":{"x":-3.4197874069213869,"y":0.4081187844276428,"z":-2.0289626121520998},"rotation":{"x":-0.015600926242768765,"y":0.9796913266181946,"z":-0.1813112497329712,"w":-0.08425066620111466},"size":6.423259735107422,"orthographic":false}