{"cameraMode":{"drawMode":0,"name":"Shaded","section":"Shading Mode"},"sceneLighting":true,"audioPlay":false,"sceneViewState":{"m_AlwaysRefresh":false,"showFog":true,"showSkybox":true,"showFlares":true,"showImageEffects":true,"showParticleSystems":true,"showVisualEffectGraphs":true,"m_FxEnabled":false},"in2DMode":false,"pivot":{"x":1.8941010236740113,"y":2.326490879058838,"z":-2.7461841106414797},"rotation":{"x":0.2869943380355835,"y":-0.13253051042556764,"z":0.040122855454683307,"w":0.9478806257247925},"size":3.695161819458008,"orthographic":false}