{"cameraMode":{"drawMode":0,"name":"Shaded","section":"Shading Mode"},"sceneLighting":true,"audioPlay":false,"sceneViewState":{"m_AlwaysRefresh":false,"showFog":true,"showSkybox":true,"showFlares":true,"showImageEffects":true,"showParticleSystems":true,"showVisualEffectGraphs":true,"m_FxEnabled":false},"in2DMode":false,"pivot":{"x":-1.865333080291748,"y":1.5801784992218018,"z":-2.112351417541504},"rotation":{"x":0.32120686769485476,"y":0.0005548328626900911,"z":-0.00018288742285221815,"w":0.9470197558403015},"size":4.051701545715332,"orthographic":false}