{"cameraMode":{"drawMode":0,"name":"Shaded","section":"Shading Mode"},"sceneLighting":true,"audioPlay":false,"sceneViewState":{"m_AlwaysRefresh":false,"showFog":true,"showSkybox":true,"showFlares":true,"showImageEffects":true,"showParticleSystems":true,"showVisualEffectGraphs":true,"m_FxEnabled":false},"in2DMode":false,"pivot":{"x":-28.434579849243165,"y":2.0980212688446047,"z":-0.1860438883304596},"rotation":{"x":0.3675844669342041,"y":0.020068878307938577,"z":-0.007940039969980717,"w":0.9297460317611694},"size":10.652688026428223,"orthographic":false}