{"cameraMode":{"drawMode":0,"name":"Shaded","section":"Shading Mode"},"sceneLighting":true,"audioPlay":false,"sceneViewState":{"m_AlwaysRefresh":false,"showFog":true,"showSkybox":true,"showFlares":true,"showImageEffects":true,"showParticleSystems":true,"showVisualEffectGraphs":true,"m_FxEnabled":false},"in2DMode":false,"pivot":{"x":-0.6545783877372742,"y":2.4338154792785646,"z":-4.847546100616455},"rotation":{"x":0.22306177020072938,"y":-0.019900068640708925,"z":0.004556119441986084,"w":0.9745997786521912},"size":2.9422740936279299,"orthographic":false}