{"cameraMode":{"drawMode":0,"name":"Shaded","section":"Shading Mode"},"sceneLighting":true,"audioPlay":false,"sceneViewState":{"m_AlwaysRefresh":false,"showFog":true,"showSkybox":true,"showFlares":true,"showImageEffects":true,"showParticleSystems":true,"showVisualEffectGraphs":true,"m_FxEnabled":false},"in2DMode":false,"pivot":{"x":1.6021764278411866,"y":0.6267858743667603,"z":3.6267995834350588},"rotation":{"x":0.27394458651542666,"y":-0.007213064935058355,"z":0.002054651267826557,"w":0.9617164731025696},"size":1.79795503616333,"orthographic":false}