{"cameraMode":{"drawMode":0,"name":"Shaded","section":"Shading Mode"},"sceneLighting":false,"audioPlay":false,"sceneViewState":{"m_AlwaysRefresh":false,"showFog":true,"showSkybox":false,"showFlares":true,"showImageEffects":true,"showParticleSystems":true,"showVisualEffectGraphs":true,"m_FxEnabled":false},"in2DMode":false,"pivot":{"x":-2.457000732421875,"y":0.2892141342163086,"z":1.395999789237976},"rotation":{"x":-0.31693965196609499,"y":-0.0014131446368992329,"z":0.0004758025461342186,"w":-0.9484482407569885},"size":0.5173555016517639,"orthographic":false}