{"cameraMode":{"drawMode":0,"name":"Shaded","section":"Shading Mode"},"sceneLighting":false,"audioPlay":false,"sceneViewState":{"m_AlwaysRefresh":false,"showFog":true,"showSkybox":false,"showFlares":true,"showImageEffects":true,"showParticleSystems":true,"showVisualEffectGraphs":true,"m_FxEnabled":false},"in2DMode":false,"pivot":{"x":-0.09417551755905152,"y":0.3046358823776245,"z":-0.003518432378768921},"rotation":{"x":0.3675844669342041,"y":0.020068878307938577,"z":-0.007940039969980717,"w":0.9297460317611694},"size":0.7380014061927795,"orthographic":false}