{"cameraMode":{"drawMode":0,"name":"Shaded","section":"Shading Mode"},"sceneLighting":false,"audioPlay":false,"sceneViewState":{"m_AlwaysRefresh":false,"showFog":true,"showSkybox":false,"showFlares":true,"showImageEffects":true,"showParticleSystems":true,"showVisualEffectGraphs":true,"m_FxEnabled":false},"in2DMode":false,"pivot":{"x":-0.002538919448852539,"y":0.6067759394645691,"z":-0.05966389179229736},"rotation":{"x":-0.268135130405426,"y":0.017350438982248308,"z":-0.00482076546177268,"w":-0.9632195830345154},"size":1.2039014101028443,"orthographic":false}