{"cameraMode":{"drawMode":0,"name":"Shaded","section":"Shading Mode"},"sceneLighting":false,"audioPlay":false,"sceneViewState":{"m_AlwaysRefresh":false,"showFog":true,"showSkybox":false,"showFlares":true,"showImageEffects":true,"showParticleSystems":true,"showVisualEffectGraphs":true,"m_FxEnabled":false},"in2DMode":false,"pivot":{"x":-0.002538919448852539,"y":0.6067759394645691,"z":4.3603363037109379},"rotation":{"x":-0.18089069426059724,"y":-0.10744796693325043,"z":0.019886117428541185,"w":-0.9774161577224731},"size":1.2039014101028443,"orthographic":false}