{"cameraMode":{"drawMode":0,"name":"Shaded","section":"Shading Mode"},"sceneLighting":false,"audioPlay":false,"sceneViewState":{"m_AlwaysRefresh":false,"showFog":true,"showSkybox":false,"showFlares":true,"showImageEffects":true,"showParticleSystems":true,"showVisualEffectGraphs":true,"m_FxEnabled":false},"in2DMode":false,"pivot":{"x":-0.002538919448852539,"y":0.6067759394645691,"z":4.3603363037109379},"rotation":{"x":-0.29550474882125857,"y":0.010039483197033406,"z":-0.003104834584519267,"w":-0.95528644323349},"size":0.9039013981819153,"orthographic":false}