{"cameraMode":{"drawMode":0,"name":"Shaded","section":"Shading Mode"},"sceneLighting":false,"audioPlay":false,"sceneViewState":{"m_AlwaysRefresh":false,"showFog":true,"showSkybox":false,"showFlares":true,"showImageEffects":true,"showParticleSystems":true,"showVisualEffectGraphs":true,"m_FxEnabled":false},"in2DMode":false,"pivot":{"x":-0.002538919448852539,"y":0.6067759394645691,"z":-0.05966389179229736},"rotation":{"x":-0.39868131279945376,"y":0.20492319762706757,"z":-0.09187936037778855,"w":-0.8891708254814148},"size":-1.496098518371582,"orthographic":false}