{"cameraMode":{"drawMode":0,"name":"Shaded","section":"Shading Mode"},"sceneLighting":false,"audioPlay":false,"sceneViewState":{"m_AlwaysRefresh":false,"showFog":true,"showSkybox":false,"showFlares":true,"showImageEffects":true,"showParticleSystems":true,"showVisualEffectGraphs":true,"m_FxEnabled":false},"in2DMode":false,"pivot":{"x":-0.020678110420703889,"y":0.6380077004432678,"z":-0.17994751036167146},"rotation":{"x":-0.19392505288124085,"y":0.4722110331058502,"z":-0.10732970386743546,"w":-0.8531692624092102},"size":1.8039014339447022,"orthographic":false}