{"cameraMode":{"drawMode":0,"name":"Shaded","section":"Shading Mode"},"sceneLighting":false,"audioPlay":false,"sceneViewState":{"m_AlwaysRefresh":false,"showFog":true,"showSkybox":false,"showFlares":true,"showImageEffects":true,"showParticleSystems":true,"showVisualEffectGraphs":true,"m_FxEnabled":false},"in2DMode":false,"pivot":{"x":-0.0014999806880950928,"y":0.7088040113449097,"z":-0.01789247989654541},"rotation":{"x":-0.31693965196609499,"y":-0.0014131446368992329,"z":0.0004758025461342186,"w":-0.9484482407569885},"size":1.2669758796691895,"orthographic":false}