{"cameraMode":{"drawMode":0,"name":"Shaded","section":"Shading Mode"},"sceneLighting":false,"audioPlay":false,"sceneViewState":{"m_AlwaysRefresh":false,"showFog":true,"showSkybox":false,"showFlares":true,"showImageEffects":true,"showParticleSystems":true,"showVisualEffectGraphs":true,"m_FxEnabled":false},"in2DMode":false,"pivot":{"x":-0.002538919448852539,"y":0.6067759394645691,"z":-0.05966389179229736},"rotation":{"x":0.2304120510816574,"y":0.002026820322498679,"z":-0.00048506452003493905,"w":0.9730987548828125},"size":1.2039014101028443,"orthographic":false}