{"cameraMode":{"drawMode":0,"name":"Shaded","section":"Shading Mode"},"sceneLighting":false,"audioPlay":false,"sceneViewState":{"m_AlwaysRefresh":false,"showFog":true,"showSkybox":false,"showFlares":true,"showImageEffects":true,"showParticleSystems":true,"showVisualEffectGraphs":true,"m_FxEnabled":false},"in2DMode":false,"pivot":{"x":-0.002538919448852539,"y":0.6067759394645691,"z":4.3603363037109379},"rotation":{"x":-0.18080884218215943,"y":0.2915903329849243,"z":-0.056228745728731158,"w":-0.9376179575920105},"size":1.2039014101028443,"orthographic":false}