{"cameraMode":{"drawMode":0,"name":"Shaded","section":"Shading Mode"},"sceneLighting":false,"audioPlay":false,"sceneViewState":{"m_AlwaysRefresh":false,"showFog":true,"showSkybox":false,"showFlares":true,"showImageEffects":true,"showParticleSystems":true,"showVisualEffectGraphs":true,"m_FxEnabled":false},"in2DMode":false,"pivot":{"x":0.0015000104904174805,"y":0.7088040113449097,"z":0.01789247989654541},"rotation":{"x":-0.011566013097763062,"y":0.9425268173217773,"z":-0.3323467969894409,"w":-0.032800525426864627},"size":1.2669757604599,"orthographic":false}