{"cameraMode":{"drawMode":0,"name":"Shaded","section":"Shading Mode"},"sceneLighting":false,"audioPlay":false,"sceneViewState":{"m_AlwaysRefresh":false,"showFog":true,"showSkybox":false,"showFlares":true,"showImageEffects":true,"showParticleSystems":true,"showVisualEffectGraphs":true,"m_FxEnabled":false},"in2DMode":false,"pivot":{"x":-2.454962730407715,"y":0.05000000074505806,"z":1.3960000276565552},"rotation":{"x":-0.4098508954048157,"y":0.09007648378610611,"z":-0.04070659354329109,"w":-0.9067865610122681},"size":0.5003015995025635,"orthographic":false}