{"cameraMode":{"drawMode":0,"name":"Shaded","section":"Shading Mode"},"sceneLighting":false,"audioPlay":false,"sceneViewState":{"m_AlwaysRefresh":false,"showFog":true,"showSkybox":false,"showFlares":true,"showImageEffects":true,"showParticleSystems":true,"showVisualEffectGraphs":true,"m_FxEnabled":false},"in2DMode":false,"pivot":{"x":-2.539775848388672,"y":0.11205679178237915,"z":1.4081653356552125},"rotation":{"x":-0.24292334914207459,"y":0.06833111494779587,"z":-0.017150817438960077,"w":-0.9674911499023438},"size":0.7512067556381226,"orthographic":false}