{"cameraMode":{"drawMode":0,"name":"Shaded","section":"Shading Mode"},"sceneLighting":false,"audioPlay":false,"sceneViewState":{"m_AlwaysRefresh":false,"showFog":true,"showSkybox":false,"showFlares":true,"showImageEffects":true,"showParticleSystems":true,"showVisualEffectGraphs":true,"m_FxEnabled":false},"in2DMode":false,"pivot":{"x":0.002176344394683838,"y":0.6267858743667603,"z":3.6267995834350588},"rotation":{"x":0.19963140785694123,"y":-0.013227608986198902,"z":0.002694814931601286,"w":0.9797784686088562},"size":5.397955417633057,"orthographic":false}